<?xml version="1.0" encoding="UTF-8"?>
<project-private xmlns="http://www.netbeans.org/ns/project-private/1">
    <data xmlns="http://www.netbeans.org/ns/make-project-private/1">
        <activeConfTypeElem>1</activeConfTypeElem>
        <activeConfIndexElem>0</activeConfIndexElem>
    </data>
    <editor-bookmarks xmlns="http://www.netbeans.org/ns/editor-bookmarks/2" lastBookmarkId="0"/>
    <open-files xmlns="http://www.netbeans.org/ns/projectui-open-files/2">
        <group>
            <file>file:/D:/CDX/Workspace/Tutoring/Programacion/P2/Resoluciones/RPX%2014/2021692_Napuri_Cesar_Lab09_2024_1/LAB09_ABBSTL/Libro.h</file>
            <file>file:/D:/CDX/Workspace/Tutoring/Programacion/P2/Resoluciones/RPX%2014/2021692_Napuri_Cesar_Lab09_2024_1/LAB09_ABBSTL/Novela.h</file>
            <file>file:/D:/CDX/Workspace/Tutoring/Programacion/P2/Resoluciones/RPX%2014/2021692_Napuri_Cesar_Lab09_2024_1/LAB09_ABBSTL/Revista.cpp</file>
            <file>file:/D:/CDX/Workspace/Tutoring/Programacion/P2/Resoluciones/RPX%2014/2021692_Napuri_Cesar_Lab09_2024_1/LAB09_ABBSTL/Arbol.h</file>
            <file>file:/D:/CDX/Workspace/Tutoring/Programacion/P2/Resoluciones/RPX%2014/2021692_Napuri_Cesar_Lab09_2024_1/LAB09_ABBSTL/Arbol.cpp</file>
            <file>file:/D:/CDX/Workspace/Tutoring/Programacion/P2/Resoluciones/RPX%2014/2021692_Napuri_Cesar_Lab09_2024_1/LAB09_ABBSTL/NLibro.h</file>
            <file>file:/D:/CDX/Workspace/Tutoring/Programacion/P2/Resoluciones/RPX%2014/2021692_Napuri_Cesar_Lab09_2024_1/LAB09_ABBSTL/Biblioteca.cpp</file>
            <file>file:/D:/CDX/Workspace/Tutoring/Programacion/P2/Resoluciones/RPX%2014/2021692_Napuri_Cesar_Lab09_2024_1/LAB09_ABBSTL/NLibro.cpp</file>
            <file>file:/D:/CDX/Workspace/Tutoring/Programacion/P2/Resoluciones/RPX%2014/2021692_Napuri_Cesar_Lab09_2024_1/LAB09_ABBSTL/Libro.cpp</file>
            <file>file:/D:/CDX/Workspace/Tutoring/Programacion/P2/Resoluciones/RPX%2014/2021692_Napuri_Cesar_Lab09_2024_1/LAB09_ABBSTL/Revista.h</file>
            <file>file:/D:/CDX/Workspace/Tutoring/Programacion/P2/Resoluciones/RPX%2014/2021692_Napuri_Cesar_Lab09_2024_1/LAB09_ABBSTL/Biblioteca.h</file>
            <file>file:/D:/CDX/Workspace/Tutoring/Programacion/P2/Resoluciones/RPX%2014/2021692_Napuri_Cesar_Lab09_2024_1/LAB09_ABBSTL/Enciclopedia.cpp</file>
            <file>file:/D:/CDX/Workspace/Tutoring/Programacion/P2/Resoluciones/RPX%2014/2021692_Napuri_Cesar_Lab09_2024_1/LAB09_ABBSTL/Novela.cpp</file>
            <file>file:/D:/CDX/Workspace/Tutoring/Programacion/P2/Resoluciones/RPX%2014/2021692_Napuri_Cesar_Lab09_2024_1/LAB09_ABBSTL/Enciclopedia.h</file>
            <file>file:/D:/CDX/Workspace/Tutoring/Programacion/P2/Resoluciones/RPX%2014/2021692_Napuri_Cesar_Lab09_2024_1/LAB09_ABBSTL/NEstante.h</file>
            <file>file:/D:/CDX/Workspace/Tutoring/Programacion/P2/Resoluciones/RPX%2014/2021692_Napuri_Cesar_Lab09_2024_1/LAB09_ABBSTL/main.cpp</file>
            <file>file:/D:/CDX/Workspace/Tutoring/Programacion/P2/Resoluciones/RPX%2014/2021692_Napuri_Cesar_Lab09_2024_1/LAB09_ABBSTL/NEstante.cpp</file>
        </group>
    </open-files>
</project-private>
