<?xml version="1.0" encoding="UTF-8"?>
<project-private xmlns="http://www.netbeans.org/ns/project-private/1">
    <data xmlns="http://www.netbeans.org/ns/make-project-private/1">
        <activeConfTypeElem>1</activeConfTypeElem>
        <activeConfIndexElem>0</activeConfIndexElem>
    </data>
    <editor-bookmarks xmlns="http://www.netbeans.org/ns/editor-bookmarks/2" lastBookmarkId="0"/>
    <open-files xmlns="http://www.netbeans.org/ns/projectui-open-files/2">
        <group>
            <file>file:/D:/Proyectos%20CDX/C++/BuscaKbros/TableroDeValores.cpp</file>
            <file>file:/D:/Proyectos%20CDX/C++/BuscaKbros/TableroDeMuestra.cpp</file>
            <file>file:/D:/Proyectos%20CDX/C++/BuscaKbros/Tablero.cpp</file>
            <file>file:/D:/Proyectos%20CDX/C++/BuscaKbros/TableroDeValores.h</file>
            <file>file:/D:/Proyectos%20CDX/C++/BuscaKbros/buscaminas.h</file>
            <file>file:/D:/Proyectos%20CDX/C++/BuscaKbros/TableroDeMuestra.h</file>
            <file>file:/D:/Proyectos%20CDX/C++/BuscaKbros/main.cpp</file>
            <file>file:/D:/Proyectos%20CDX/C++/BuscaKbros/Tablero.h</file>
            <file>file:/D:/Proyectos%20CDX/C++/BuscaKbros/Partida.h</file>
            <file>file:/D:/Proyectos%20CDX/C++/BuscaKbros/Partida.cpp</file>
        </group>
    </open-files>
</project-private>
