<?xml version="1.0" encoding="UTF-8"?>
<project-private xmlns="http://www.netbeans.org/ns/project-private/1">
    <data xmlns="http://www.netbeans.org/ns/make-project-private/1">
        <activeConfTypeElem>1</activeConfTypeElem>
        <activeConfIndexElem>0</activeConfIndexElem>
    </data>
    <editor-bookmarks xmlns="http://www.netbeans.org/ns/editor-bookmarks/2" lastBookmarkId="0"/>
    <open-files xmlns="http://www.netbeans.org/ns/projectui-open-files/2">
        <group>
            <file>file:/T:/Exam02/EX_FINAL_20211692_Napuri_Cesar_2024_1/PasaLibros/Libro.cpp</file>
            <file>file:/T:/Exam02/EX_FINAL_20211692_Napuri_Cesar_2024_1/PasaLibros/main.cpp</file>
            <file>file:/T:/Exam02/EX_FINAL_20211692_Napuri_Cesar_2024_1/PasaLibros/Pila.cpp</file>
            <file>file:/T:/Exam02/EX_FINAL_20211692_Napuri_Cesar_2024_1/PasaLibros/Procesa.h</file>
            <file>file:/T:/Exam02/EX_FINAL_20211692_Napuri_Cesar_2024_1/PasaLibros/Novela.h</file>
            <file>file:/T:/Exam02/EX_FINAL_20211692_Napuri_Cesar_2024_1/PasaLibros/Pila.h</file>
            <file>file:/T:/Exam02/EX_FINAL_20211692_Napuri_Cesar_2024_1/PasaLibros/Revista.cpp</file>
            <file>file:/T:/Exam02/EX_FINAL_20211692_Napuri_Cesar_2024_1/PasaLibros/Ejemplar.cpp</file>
            <file>file:/T:/Exam02/EX_FINAL_20211692_Napuri_Cesar_2024_1/PasaLibros/Novela.cpp</file>
            <file>file:/T:/Exam02/EX_FINAL_20211692_Napuri_Cesar_2024_1/PasaLibros/Ejemplar.h</file>
            <file>file:/T:/Exam02/EX_FINAL_20211692_Napuri_Cesar_2024_1/PasaLibros/Libro.h</file>
            <file>file:/T:/Exam02/EX_FINAL_20211692_Napuri_Cesar_2024_1/PasaLibros/Procesa.cpp</file>
            <file>file:/T:/Exam02/EX_FINAL_20211692_Napuri_Cesar_2024_1/PasaLibros/Revista.h</file>
        </group>
    </open-files>
</project-private>
